Label,Cells,Mean Genes,Median Genes,Mean UMIs,Median UMIs
Standard,2700,846.9940740740741,817.0,2366.9004,2197.0
Kneed,2695,847.9918367346938,817.0,2370.2615,2200.0
Inflection,19,2223.315789473684,1997.0,8584.263,7171.0
